{
  "id": "3207292",
  "name": "DTSWeekly智慧园区",
  "font_family": "iconfont",
  "css_prefix_text": "zhihui_icon-",
  "description": "",
  "glyphs": [
    {
      "icon_id": "1457",
      "name": "烈日",
      "font_class": "lieri",
      "unicode": "e600",
      "unicode_decimal": 58880
    },
    {
      "icon_id": "4139287",
      "name": "夜晚月亮",
      "font_class": "lkingboyewanyueliang",
      "unicode": "e60a",
      "unicode_decimal": 58890
    },
    {
      "icon_id": "20651771",
      "name": "黄昏",
      "font_class": "huanghun",
      "unicode": "e62c",
      "unicode_decimal": 58924
    },
    {
      "icon_id": "27065118",
      "name": "园区服务",
      "font_class": "yuanqufuwu",
      "unicode": "e601",
      "unicode_decimal": 58881
    },
    {
      "icon_id": "27065158",
      "name": "设备维护",
      "font_class": "shebeiweihu",
      "unicode": "e602",
      "unicode_decimal": 58882
    },
    {
      "icon_id": "27065162",
      "name": "主导产业-01",
      "font_class": "zhudaochanye-01",
      "unicode": "e603",
      "unicode_decimal": 58883
    },
    {
      "icon_id": "9921106",
      "name": "chartpie",
      "font_class": "chartpie",
      "unicode": "e606",
      "unicode_decimal": 58886
    },
    {
      "icon_id": "27103238",
      "name": "概览_icon园区企业",
      "font_class": "gailan_iconyuanquqiye",
      "unicode": "e604",
      "unicode_decimal": 58884
    },
    {
      "icon_id": "27103239",
      "name": "概览_icon重点项目",
      "font_class": "gailan_iconzhongdianxiangmu",
      "unicode": "e605",
      "unicode_decimal": 58885
    },
    {
      "icon_id": "27103240",
      "name": "概览_icon设施资产",
      "font_class": "gailan_iconsheshizichan",
      "unicode": "e607",
      "unicode_decimal": 58887
    },
    {
      "icon_id": "27103241",
      "name": "概览_icon楼宇资产",
      "font_class": "gailan_iconlouyuzichan",
      "unicode": "e608",
      "unicode_decimal": 58888
    },
    {
      "icon_id": "27106566",
      "name": "概览_icon_利用外资",
      "font_class": "gailan_icon_liyongwaizi",
      "unicode": "e60c",
      "unicode_decimal": 58892
    },
    {
      "icon_id": "27106567",
      "name": "概览_icon_企业增加",
      "font_class": "gailan_icon_qiyezengjia",
      "unicode": "e60d",
      "unicode_decimal": 58893
    },
    {
      "icon_id": "27106568",
      "name": "概览_icon_产值",
      "font_class": "gailan_icon_chanzhi",
      "unicode": "e60e",
      "unicode_decimal": 58894
    },
    {
      "icon_id": "27106569",
      "name": "概览_icon_绿化",
      "font_class": "gailan_icon_lvhua",
      "unicode": "e60f",
      "unicode_decimal": 58895
    },
    {
      "icon_id": "27106570",
      "name": "概览_icon_投资总额",
      "font_class": "gailan_icon_touzizonge",
      "unicode": "e610",
      "unicode_decimal": 58896
    },
    {
      "icon_id": "27106571",
      "name": "概览_icon_景气度",
      "font_class": "gailan_icon_jingqidu",
      "unicode": "e611",
      "unicode_decimal": 58897
    },
    {
      "icon_id": "27106572",
      "name": "概览_icon_面积",
      "font_class": "gailan_icon_mianji",
      "unicode": "e612",
      "unicode_decimal": 58898
    },
    {
      "icon_id": "27106573",
      "name": "概览_icon_车位",
      "font_class": "gailan_icon_chewei",
      "unicode": "e613",
      "unicode_decimal": 58899
    },
    {
      "icon_id": "27106574",
      "name": "概览_icon_人数",
      "font_class": "gailan_icon_renshu",
      "unicode": "e614",
      "unicode_decimal": 58900
    },
    {
      "icon_id": "27106575",
      "name": "概览_icon_资产投资",
      "font_class": "gailan_icon_zichantouzi",
      "unicode": "e615",
      "unicode_decimal": 58901
    },
    {
      "icon_id": "27172165",
      "name": "概览_icon_税收",
      "font_class": "gailan_icon_shuishou",
      "unicode": "e609",
      "unicode_decimal": 58889
    },
    {
      "icon_id": "18977367",
      "name": "订单",
      "font_class": "dingdan",
      "unicode": "e616",
      "unicode_decimal": 58902
    },
    {
      "icon_id": "27435255",
      "name": "概览_icon_广告产值",
      "font_class": "gailan_icon_guanggaochanzhi",
      "unicode": "e619",
      "unicode_decimal": 58905
    },
    {
      "icon_id": "27435256",
      "name": "概览_icon_停车场",
      "font_class": "gailan_icon_tingchechang",
      "unicode": "e61a",
      "unicode_decimal": 58906
    },
    {
      "icon_id": "27435257",
      "name": "概览_icon_电商产值",
      "font_class": "gailan_icon_dianshangchanzhi",
      "unicode": "e61b",
      "unicode_decimal": 58907
    },
    {
      "icon_id": "27435258",
      "name": "概览_icon_增值服务",
      "font_class": "gailan_icon_zengzhifuwu",
      "unicode": "e61c",
      "unicode_decimal": 58908
    },
    {
      "icon_id": "27435259",
      "name": "概览_icon_售楼产值",
      "font_class": "gailan_icon_shoulouchanzhi",
      "unicode": "e61d",
      "unicode_decimal": 58909
    },
    {
      "icon_id": "27435260",
      "name": "概览_icon_会议室产值",
      "font_class": "gailan_icon_huiyishichanzhi",
      "unicode": "e61e",
      "unicode_decimal": 58910
    },
    {
      "icon_id": "27435261",
      "name": "概览_icon_能源产值",
      "font_class": "gailan_icon_nengyuanchanzhi",
      "unicode": "e61f",
      "unicode_decimal": 58911
    },
    {
      "icon_id": "27435262",
      "name": "概览_icon_外摆产值",
      "font_class": "gailan_icon_waibaichanzhi",
      "unicode": "e620",
      "unicode_decimal": 58912
    },
    {
      "icon_id": "27435263",
      "name": "概览_icon_租赁产值",
      "font_class": "gailan_icon_zulinchanzhi",
      "unicode": "e621",
      "unicode_decimal": 58913
    },
    {
      "icon_id": "27435264",
      "name": "概览_icon_物业产值",
      "font_class": "gailan_icon_wuyechanzhi",
      "unicode": "e622",
      "unicode_decimal": 58914
    },
    {
      "icon_id": "27435302",
      "name": "概览_icon_入驻商家",
      "font_class": "gailan_icon_ruzhushangjia",
      "unicode": "e623",
      "unicode_decimal": 58915
    },
    {
      "icon_id": "27435303",
      "name": "概览_icon_活跃数",
      "font_class": "gailan_icon_huoyueshu",
      "unicode": "e624",
      "unicode_decimal": 58916
    },
    {
      "icon_id": "27435304",
      "name": "概览_icon_入驻企业",
      "font_class": "gailan_icon_ruzhuqiye",
      "unicode": "e625",
      "unicode_decimal": 58917
    },
    {
      "icon_id": "27435305",
      "name": "概览_icon_面积",
      "font_class": "gailan_icon_mianji1",
      "unicode": "e626",
      "unicode_decimal": 58918
    },
    {
      "icon_id": "27435306",
      "name": "概览_icon_设施设备",
      "font_class": "gailan_icon_sheshishebei",
      "unicode": "e627",
      "unicode_decimal": 58919
    },
    {
      "icon_id": "27435307",
      "name": "概览_icon_人流量",
      "font_class": "gailan_icon_renliuliang",
      "unicode": "e628",
      "unicode_decimal": 58920
    },
    {
      "icon_id": "27435308",
      "name": "概览_icon_用水",
      "font_class": "gailan_icon_yongshui",
      "unicode": "e629",
      "unicode_decimal": 58921
    },
    {
      "icon_id": "27435309",
      "name": "概览_icon_用电",
      "font_class": "gailan_icon_yongdian",
      "unicode": "e62a",
      "unicode_decimal": 58922
    },
    {
      "icon_id": "27435310",
      "name": "概览_icon_用户数",
      "font_class": "gailan_icon_yonghushu",
      "unicode": "e62b",
      "unicode_decimal": 58923
    }
  ]
}
